"Kelsey","Parker","Female"
"Victor","Mason","Male"
"Preston","Smith","Male"
"Preston","Evans","Male"
"Connie","Craig","Female"
"Eddy","Walker","Male"
"Melanie","Alexander","Female"
"David","Murphy","Male"
"Brooke","Gibson","Female"
"Myra","Phillips","Female"
"Aida","Cooper","Female"
"Eleanor","Cooper","Female"
"Florrie","Henderson","Female"
"Victor","Farrell","Male"
"Dexter","Alexander","Male"
"Roman","Wright","Male"
"Miley","West","Female"
"Carina","Morris","Female"
"Byron","Mitchell","Male"
"Grace","Barnes","Female"
"Adam","Parker","Male"
"Charlie","Dixon","Male"
"Oscar","Alexander","Male"
"Daisy","Reed","Female"
"Julia","Gibson","Female"
"Elian","Sullivan","Male"
"Robert","Riley","Male"
"Alexander","Thompson","Male"
"Brad","Spencer","Male"
"Patrick","Russell","Male"
"Arianna","Cameron","Female"
"Jared","Johnston","Male"
"Catherine","Brooks","Female"
"Tara","Bennett","Female"
"Ned","Russell","Male"
"George","Cameron","Male"
"Sawyer","Edwards","Male"
"Melissa","Riley","Female"
"Kevin","Foster","Male"
"Leonardo","Casey","Male"
"Darcy","Carter","Female"
"Tyler","Gray","Male"
"Sofia","Armstrong","Female"
"Roman","Baker","Male"
"Daniel","Mason","Male"
"Belinda","Baker","Female"
"Blake","Johnson","Male"
"George","Allen","Male"
"Michael","Kelly","Male"
"Maximilian","Morgan","Male"
"Richard","Murphy","Male"
"Valeria","Murphy","Female"
"Alfred","Reed","Male"
"Carl","Hawkins","Male"
"Alissa","Crawford","Female"
"Deanna","West","Female"
"Penelope","Hunt","Female"
"Marcus","Ross","Male"
"Gianna","Walker","Female"
"Alfred","Casey","Male"
"Eric","Kelly","Male"
"Miller","Watson","Male"
"Jordan","Edwards","Male"
"Carl","Evans","Male"
"Rubie","Williams","Female"
"Jared","Carroll","Male"
"Sydney","Gray","Female"
"Olivia","Ross","Female"
"Martin","Mitchell","Male"
"Eddy","Gibson","Male"
"Adrian","Andrews","Male"
"Adrian","Nelson","Male"
"Lydia","Higgins","Female"
"Derek","Thomas","Male"
"Julia","Bennett","Female"
"Edward","Harris","Male"
"Elise","Richards","Female"
"Sam","Riley","Male"
"Sawyer","Cooper","Male"
"Lyndon","Mason","Male"
"Belinda","Harper","Female"
"Kevin","Harper","Male"
"Emily","Gray","Female"
"Vincent","Morrison","Male"
"Olivia","Martin","Female"
"Ted","Gray","Male"
"Adam","Armstrong","Male"
"Chloe","Hall","Female"
"Sophia","Chapman","Female"
"Kellan","Barrett","Male"
"Tara","Kelly","Female"
"Adrian","Murphy","Male"
"Evelyn","Bailey","Female"
"Abigail","Ellis","Female"
"Jared","Rogers","Male"
"Carina","Grant","Female"
"Elian","Hunt","Male"
"Caroline","Barnes","Female"
"Jessica","Martin","Female"
"Julian","Harris","Male"
